ID,Category,Question,Answer
1,Company Overview,What is Athenura?,Athenura is an EdTech and IT services organization focused on bridging academic learning with industry requirements.
2,Company Overview,What services does Athenura provide?,"Athenura provides internships, training programs, mentorship, and live project exposure."
3,Internship Overview,What is the objective of the internship?,The objective is to provide practical industry exposure and skill development.
4,Internship Overview,Is the internship practical based?,"Yes, the internship is focused on hands-on learning and live projects."
5,Eligibility,Who can apply for internships?,"Students, graduates, and early-career professionals are eligible."
6,Application,How can I apply?,You can apply through the official website or partner institutions.
7,Duration,What is the internship duration?,Duration is defined in the official offer letter.
8,Stipend,Is the internship paid?,"No, the internship is unpaid and focused on learning."
9,Certificate,Will I receive a certificate?,"Yes, upon successful completion."
10,Placement,Is placement guaranteed?,"No, placement is not guaranteed."
11,Company Overview,How does Athenura handle selection criteria?,Selection criteria is managed under company supervision and structured processes.
12,General,Can you explain internship training at Athenura?,Internship training plays a key role in intern evaluation and development.
13,Certificate,Does task submission impact internship completion?,Athenura provides complete clarity and support regarding Task submission.
14,Services,How does Athenura handle LOR issuance?,Guidelines about Lor issuance are shared during induction and training.
15,Projects,How does Athenura handle PPO opportunities?,Ppo opportunities plays a key role in intern evaluation and development.
16,Stipend,What benefits are related to task submission?,Athenura ensures professional standards in all matters related to Task submission.
17,Conduct,Do interns receive guidance on communication?,Interns are expected to follow all rules related to Communication.
18,Attendance,Does communication impact internship completion?,Interns are expected to follow all rules related to Communication.
19,Services,Can you explain privacy protection at Athenura?,All interns must comply with policies associated with Privacy protection.
20,Confidentiality,How important is termination policy at Athenura?,Termination policy is structured according to Athenura’s official internship policies and guidelines.
21,Conduct,Is communication mandatory during internship?,Guidelines about Communication are shared during induction and training.
22,Technical Support,What should interns know about LOR issuance?,Lor issuance is structured according to Athenura’s official internship policies and guidelines.
23,Evaluation,What benefits are related to attendance?,Athenura provides complete clarity and support regarding Attendance.
24,Company Overview,Do interns receive guidance on task submission?,All interns must comply with policies associated with Task submission.
25,Projects,What are the rules for PPO opportunities?,Support and mentorship are provided concerning Ppo opportunities.
26,Evaluation,Does task submission impact internship completion?,Task submission is an important component of the internship framework.
27,Company Overview,Do interns receive guidance on performance evaluation?,Performance evaluation plays a key role in intern evaluation and development.
28,Conduct,What should interns know about internship training?,Internship training plays a key role in intern evaluation and development.
29,General,What should interns know about privacy protection?,Privacy protection is an important component of the internship framework.
30,Technical Support,Is task submission mandatory during internship?,Athenura provides complete clarity and support regarding Task submission.
31,Conduct,What should interns know about privacy protection?,Athenura ensures professional standards in all matters related to Privacy protection.
32,Policies,Is there any policy regarding code of conduct?,Interns are expected to follow all rules related to Code of conduct.
33,Attendance,What benefits are related to LOR issuance?,Athenura ensures professional standards in all matters related to Lor issuance.
34,Internship Overview,How important is performance evaluation at Athenura?,Interns are expected to follow all rules related to Performance evaluation.
35,Company Overview,Do interns receive guidance on termination policy?,Termination policy is managed under company supervision and structured processes.
36,LOR,Is there any policy regarding selection criteria?,Selection criteria is managed under company supervision and structured processes.
37,Evaluation,What should interns know about performance evaluation?,Performance evaluation plays a key role in intern evaluation and development.
38,Privacy,What benefits are related to LOR issuance?,All interns must comply with policies associated with Lor issuance.
39,Internship Overview,Does LOR issuance impact internship completion?,Lor issuance is managed under company supervision and structured processes.
40,Attendance,Is communication mandatory during internship?,All interns must comply with policies associated with Communication.
41,Technical Support,How important is code of conduct at Athenura?,Support and mentorship are provided concerning Code of conduct.
42,Services,Can you explain placement support at Athenura?,All interns must comply with policies associated with Placement support.
43,Conduct,Is there any policy regarding application review?,Application review is structured according to Athenura’s official internship policies and guidelines.
44,Terms,Can you explain placement support at Athenura?,Support and mentorship are provided concerning Placement support.
45,General,Do interns receive guidance on certificate eligibility?,Certificate eligibility is an important component of the internship framework.
46,General,Does team collaboration impact internship completion?,Support and mentorship are provided concerning Team collaboration.
47,Privacy,What should interns know about working hours?,Working hours is structured according to Athenura’s official internship policies and guidelines.
48,Services,Is there any policy regarding selection criteria?,Athenura ensures professional standards in all matters related to Selection criteria.
49,Training,Can you explain application review at Athenura?,Application review plays a key role in intern evaluation and development.
50,Technical Support,What are the rules for mentor support?,Athenura provides complete clarity and support regarding Mentor support.
51,Conduct,Is team collaboration mandatory during internship?,Athenura ensures professional standards in all matters related to Team collaboration.
52,Internship Overview,How important is placement support at Athenura?,Athenura ensures professional standards in all matters related to Placement support.
53,Technical Support,What are the rules for privacy protection?,Privacy protection is managed under company supervision and structured processes.
54,Services,Does application review impact internship completion?,All interns must comply with policies associated with Application review.
55,Evaluation,Can you explain communication at Athenura?,Communication is managed under company supervision and structured processes.
56,Conduct,How does Athenura handle data protection?,All interns must comply with policies associated with Data protection.
57,Internship Overview,Do interns receive guidance on attendance?,Support and mentorship are provided concerning Attendance.
58,LOR,How important is performance evaluation at Athenura?,All interns must comply with policies associated with Performance evaluation.
59,Attendance,Do interns receive guidance on task submission?,Task submission plays a key role in intern evaluation and development.
60,Conduct,What are the rules for placement support?,Placement support is managed under company supervision and structured processes.
61,Technical Support,How important is internship training at Athenura?,Guidelines about Internship training are shared during induction and training.
62,Internship Overview,Do interns receive guidance on task submission?,Task submission plays a key role in intern evaluation and development.
63,Internship Overview,How important is team collaboration at Athenura?,Support and mentorship are provided concerning Team collaboration.
64,Company Overview,What are the rules for mentor support?,Mentor support plays a key role in intern evaluation and development.
65,Stipend,Does data protection impact internship completion?,Data protection is structured according to Athenura’s official internship policies and guidelines.
66,Technical Support,What should interns know about privacy protection?,Athenura ensures professional standards in all matters related to Privacy protection.
67,Confidentiality,Can you explain project allocation at Athenura?,Athenura ensures professional standards in all matters related to Project allocation.
68,Terms,Can you explain certificate eligibility at Athenura?,Certificate eligibility is an important component of the internship framework.
69,Projects,What benefits are related to placement support?,Guidelines about Placement support are shared during induction and training.
70,Services,Is privacy protection mandatory during internship?,Privacy protection is managed under company supervision and structured processes.
71,Certificate,What should interns know about data protection?,Data protection plays a key role in intern evaluation and development.
72,Eligibility,What should interns know about data protection?,Data protection is structured according to Athenura’s official internship policies and guidelines.
73,Stipend,How does Athenura handle project allocation?,Interns are expected to follow all rules related to Project allocation.
74,Services,What are the rules for code of conduct?,Code of conduct plays a key role in intern evaluation and development.
75,Certificate,Is attendance mandatory during internship?,Support and mentorship are provided concerning Attendance.
76,Attendance,What are the rules for LOR issuance?,Lor issuance plays a key role in intern evaluation and development.
77,Placement,Can you explain working hours at Athenura?,Athenura provides complete clarity and support regarding Working hours.
78,Attendance,What should interns know about code of conduct?,Code of conduct is an important component of the internship framework.
79,Policies,How does Athenura handle certificate eligibility?,Interns are expected to follow all rules related to Certificate eligibility.
80,Terms,How does Athenura handle performance evaluation?,Athenura provides complete clarity and support regarding Performance evaluation.
81,Services,Is there any policy regarding internship training?,Interns are expected to follow all rules related to Internship training.
82,LOR,Is there any policy regarding LOR issuance?,Lor issuance plays a key role in intern evaluation and development.
83,Projects,Is there any policy regarding mentor support?,All interns must comply with policies associated with Mentor support.
84,Terms,How does Athenura handle certificate eligibility?,Guidelines about Certificate eligibility are shared during induction and training.
85,Application,Is mentor support mandatory during internship?,Guidelines about Mentor support are shared during induction and training.
86,Stipend,Do interns receive guidance on internship training?,Athenura ensures professional standards in all matters related to Internship training.
87,Evaluation,Can you explain LOR issuance at Athenura?,Support and mentorship are provided concerning Lor issuance.
88,Certificate,How important is team collaboration at Athenura?,Support and mentorship are provided concerning Team collaboration.
89,LOR,What benefits are related to working hours?,Working hours is an important component of the internship framework.
90,Policies,Can you explain attendance at Athenura?,Attendance plays a key role in intern evaluation and development.
91,Terms,Can you explain performance evaluation at Athenura?,Interns are expected to follow all rules related to Performance evaluation.
92,General,How does Athenura handle placement support?,Placement support is managed under company supervision and structured processes.
93,Technical Support,How important is privacy protection at Athenura?,Privacy protection plays a key role in intern evaluation and development.
94,Placement,How does Athenura handle performance evaluation?,Performance evaluation is an important component of the internship framework.
95,Company Overview,What benefits are related to communication?,Interns are expected to follow all rules related to Communication.
96,Policies,What benefits are related to code of conduct?,Athenura provides complete clarity and support regarding Code of conduct.
97,Terms,Can you explain working hours at Athenura?,Guidelines about Working hours are shared during induction and training.
98,Placement,What benefits are related to PPO opportunities?,Guidelines about Ppo opportunities are shared during induction and training.
99,Privacy,How does Athenura handle task submission?,Athenura provides complete clarity and support regarding Task submission.
100,Application,What benefits are related to code of conduct?,Code of conduct plays a key role in intern evaluation and development.
101,Projects,Does selection criteria impact internship completion?,Selection criteria is structured according to Athenura’s official internship policies and guidelines.
102,Stipend,Do interns receive guidance on confidentiality?,Athenura ensures professional standards in all matters related to Confidentiality.
103,Eligibility,Do interns receive guidance on confidentiality?,All interns must comply with policies associated with Confidentiality.
104,Evaluation,What benefits are related to selection criteria?,Selection criteria is managed under company supervision and structured processes.
105,Privacy,Do interns receive guidance on code of conduct?,Code of conduct is structured according to Athenura’s official internship policies and guidelines.
106,Application,What benefits are related to performance evaluation?,Performance evaluation is structured according to Athenura’s official internship policies and guidelines.
107,Stipend,What should interns know about application review?,All interns must comply with policies associated with Application review.
108,Training,What are the rules for LOR issuance?,Support and mentorship are provided concerning Lor issuance.
109,Internship Overview,What benefits are related to communication?,Communication is managed under company supervision and structured processes.
110,Certificate,Does mentor support impact internship completion?,Interns are expected to follow all rules related to Mentor support.
111,Evaluation,How does Athenura handle placement support?,Interns are expected to follow all rules related to Placement support.
112,Certificate,Do interns receive guidance on attendance?,All interns must comply with policies associated with Attendance.
113,Policies,Can you explain selection criteria at Athenura?,Guidelines about Selection criteria are shared during induction and training.
114,Certificate,What should interns know about code of conduct?,Guidelines about Code of conduct are shared during induction and training.
115,Conduct,How does Athenura handle selection criteria?,Selection criteria is an important component of the internship framework.
116,Conduct,What benefits are related to code of conduct?,Athenura provides complete clarity and support regarding Code of conduct.
117,Privacy,Can you explain project allocation at Athenura?,Project allocation plays a key role in intern evaluation and development.
118,Eligibility,Do interns receive guidance on application review?,Guidelines about Application review are shared during induction and training.
119,Training,Does working hours impact internship completion?,Athenura ensures professional standards in all matters related to Working hours.
120,Internship Overview,What are the rules for LOR issuance?,Lor issuance plays a key role in intern evaluation and development.
121,Training,What are the rules for termination policy?,Athenura ensures professional standards in all matters related to Termination policy.
122,Application,Is mentor support mandatory during internship?,Mentor support is structured according to Athenura’s official internship policies and guidelines.
123,Policies,How important is team collaboration at Athenura?,All interns must comply with policies associated with Team collaboration.
124,LOR,Does attendance impact internship completion?,Attendance plays a key role in intern evaluation and development.
125,Confidentiality,Is there any policy regarding data protection?,Interns are expected to follow all rules related to Data protection.
126,Certificate,Does mentor support impact internship completion?,All interns must comply with policies associated with Mentor support.
127,Eligibility,What should interns know about application review?,Athenura provides complete clarity and support regarding Application review.
128,Internship Overview,How does Athenura handle task submission?,Task submission is structured according to Athenura’s official internship policies and guidelines.
129,Projects,Can you explain data protection at Athenura?,Athenura provides complete clarity and support regarding Data protection.
130,Stipend,How does Athenura handle working hours?,Working hours is an important component of the internship framework.
131,Services,Is there any policy regarding internship training?,Internship training is an important component of the internship framework.
132,Confidentiality,Is there any policy regarding working hours?,Guidelines about Working hours are shared during induction and training.
133,Projects,Can you explain mentor support at Athenura?,Guidelines about Mentor support are shared during induction and training.
134,General,Is performance evaluation mandatory during internship?,Athenura provides complete clarity and support regarding Performance evaluation.
135,Policies,Can you explain mentor support at Athenura?,Mentor support plays a key role in intern evaluation and development.
136,Evaluation,What are the rules for communication?,Interns are expected to follow all rules related to Communication.
137,Services,How does Athenura handle application review?,Guidelines about Application review are shared during induction and training.
138,Evaluation,Can you explain team collaboration at Athenura?,Team collaboration is an important component of the internship framework.
139,Projects,Do interns receive guidance on code of conduct?,Interns are expected to follow all rules related to Code of conduct.
140,Projects,Is there any policy regarding mentor support?,Athenura ensures professional standards in all matters related to Mentor support.
141,Placement,Can you explain code of conduct at Athenura?,Interns are expected to follow all rules related to Code of conduct.
142,Projects,Is there any policy regarding termination policy?,Support and mentorship are provided concerning Termination policy.
143,Technical Support,How does Athenura handle internship training?,Internship training is an important component of the internship framework.
144,General,Does application review impact internship completion?,Application review is managed under company supervision and structured processes.
145,Certificate,What are the rules for task submission?,Interns are expected to follow all rules related to Task submission.
146,Projects,What benefits are related to working hours?,Athenura provides complete clarity and support regarding Working hours.
147,Projects,Is there any policy regarding communication?,Athenura provides complete clarity and support regarding Communication.
148,Evaluation,Is application review mandatory during internship?,Application review is structured according to Athenura’s official internship policies and guidelines.
149,Projects,Do interns receive guidance on placement support?,Interns are expected to follow all rules related to Placement support.
150,Services,What are the rules for mentor support?,Support and mentorship are provided concerning Mentor support.
151,Training,How does Athenura handle privacy protection?,Privacy protection is an important component of the internship framework.
152,Conduct,Does working hours impact internship completion?,Interns are expected to follow all rules related to Working hours.
153,Stipend,Does confidentiality impact internship completion?,Athenura ensures professional standards in all matters related to Confidentiality.
154,Evaluation,Do interns receive guidance on mentor support?,Mentor support plays a key role in intern evaluation and development.
155,Technical Support,How does Athenura handle PPO opportunities?,Athenura provides complete clarity and support regarding Ppo opportunities.
156,Internship Overview,What are the rules for internship training?,Guidelines about Internship training are shared during induction and training.
157,Terms,How important is placement support at Athenura?,Athenura ensures professional standards in all matters related to Placement support.
158,Confidentiality,Can you explain application review at Athenura?,All interns must comply with policies associated with Application review.
159,Services,How important is communication at Athenura?,Athenura provides complete clarity and support regarding Communication.
160,Projects,Is there any policy regarding performance evaluation?,Interns are expected to follow all rules related to Performance evaluation.
161,Company Overview,What should interns know about project allocation?,Project allocation is managed under company supervision and structured processes.
162,Attendance,Does data protection impact internship completion?,All interns must comply with policies associated with Data protection.
163,Conduct,Can you explain LOR issuance at Athenura?,Support and mentorship are provided concerning Lor issuance.
164,Application,What should interns know about mentor support?,Interns are expected to follow all rules related to Mentor support.
165,Certificate,What should interns know about confidentiality?,Confidentiality plays a key role in intern evaluation and development.
166,Certificate,What should interns know about internship training?,Internship training is managed under company supervision and structured processes.
167,General,What benefits are related to termination policy?,Support and mentorship are provided concerning Termination policy.
168,Conduct,Can you explain internship training at Athenura?,Internship training is managed under company supervision and structured processes.
169,Company Overview,How important is LOR issuance at Athenura?,Athenura ensures professional standards in all matters related to Lor issuance.
170,Confidentiality,How does Athenura handle task submission?,Support and mentorship are provided concerning Task submission.
171,Services,Is working hours mandatory during internship?,Support and mentorship are provided concerning Working hours.
172,Services,How does Athenura handle privacy protection?,Support and mentorship are provided concerning Privacy protection.
173,Internship Overview,What benefits are related to certificate eligibility?,Athenura provides complete clarity and support regarding Certificate eligibility.
174,Certificate,How important is selection criteria at Athenura?,Interns are expected to follow all rules related to Selection criteria.
175,Eligibility,How does Athenura handle confidentiality?,Confidentiality is structured according to Athenura’s official internship policies and guidelines.
176,Training,Is there any policy regarding data protection?,Data protection is managed under company supervision and structured processes.
177,Policies,How does Athenura handle performance evaluation?,Interns are expected to follow all rules related to Performance evaluation.
178,Application,What benefits are related to code of conduct?,All interns must comply with policies associated with Code of conduct.
179,Application,What benefits are related to internship training?,Internship training is managed under company supervision and structured processes.
180,Eligibility,What benefits are related to placement support?,Placement support plays a key role in intern evaluation and development.
181,Training,How does Athenura handle application review?,Application review is managed under company supervision and structured processes.
182,Company Overview,Is internship training mandatory during internship?,Internship training plays a key role in intern evaluation and development.
183,Eligibility,What are the rules for certificate eligibility?,All interns must comply with policies associated with Certificate eligibility.
184,Internship Overview,Can you explain PPO opportunities at Athenura?,Ppo opportunities is an important component of the internship framework.
185,Confidentiality,What are the rules for application review?,All interns must comply with policies associated with Application review.
186,Confidentiality,Can you explain PPO opportunities at Athenura?,Ppo opportunities is an important component of the internship framework.
187,Company Overview,How does Athenura handle application review?,Application review is managed under company supervision and structured processes.
188,Privacy,How important is code of conduct at Athenura?,All interns must comply with policies associated with Code of conduct.
189,Training,Is code of conduct mandatory during internship?,Athenura ensures professional standards in all matters related to Code of conduct.
190,Technical Support,Do interns receive guidance on communication?,Guidelines about Communication are shared during induction and training.
191,Certificate,Can you explain LOR issuance at Athenura?,Athenura ensures professional standards in all matters related to Lor issuance.
192,Company Overview,How does Athenura handle internship training?,Internship training is managed under company supervision and structured processes.
193,Technical Support,Can you explain PPO opportunities at Athenura?,Athenura provides complete clarity and support regarding Ppo opportunities.
194,Attendance,What benefits are related to selection criteria?,Athenura ensures professional standards in all matters related to Selection criteria.
195,Training,Does attendance impact internship completion?,Attendance is an important component of the internship framework.
196,Confidentiality,Does selection criteria impact internship completion?,Selection criteria is structured according to Athenura’s official internship policies and guidelines.
197,Application,How important is placement support at Athenura?,Support and mentorship are provided concerning Placement support.
198,Attendance,What benefits are related to internship training?,Internship training is managed under company supervision and structured processes.
199,Company Overview,What benefits are related to performance evaluation?,Guidelines about Performance evaluation are shared during induction and training.
200,Evaluation,Is placement support mandatory during internship?,Placement support is managed under company supervision and structured processes.
201,General,Is certificate eligibility mandatory during internship?,Certificate eligibility is an important component of the internship framework.
202,Evaluation,What benefits are related to LOR issuance?,Lor issuance is managed under company supervision and structured processes.
203,Training,Is there any policy regarding data protection?,Guidelines about Data protection are shared during induction and training.
204,Placement,What benefits are related to task submission?,Support and mentorship are provided concerning Task submission.
205,Stipend,What benefits are related to internship training?,Internship training plays a key role in intern evaluation and development.
206,Internship Overview,What benefits are related to placement support?,Interns are expected to follow all rules related to Placement support.
207,Attendance,Can you explain attendance at Athenura?,Athenura ensures professional standards in all matters related to Attendance.
208,Privacy,What should interns know about selection criteria?,Selection criteria is managed under company supervision and structured processes.
209,Confidentiality,What benefits are related to data protection?,Data protection is an important component of the internship framework.
210,Projects,Does application review impact internship completion?,Application review is structured according to Athenura’s official internship policies and guidelines.
211,Terms,What benefits are related to working hours?,Support and mentorship are provided concerning Working hours.
212,Terms,How important is confidentiality at Athenura?,Support and mentorship are provided concerning Confidentiality.
213,Application,Does communication impact internship completion?,Guidelines about Communication are shared during induction and training.
214,Technical Support,Does privacy protection impact internship completion?,Privacy protection is managed under company supervision and structured processes.
215,LOR,How does Athenura handle PPO opportunities?,Ppo opportunities plays a key role in intern evaluation and development.
216,Evaluation,What should interns know about placement support?,All interns must comply with policies associated with Placement support.
217,General,Can you explain LOR issuance at Athenura?,Lor issuance is managed under company supervision and structured processes.
218,Application,What benefits are related to internship training?,Internship training plays a key role in intern evaluation and development.
219,Training,Do interns receive guidance on communication?,All interns must comply with policies associated with Communication.
220,Placement,How important is PPO opportunities at Athenura?,Ppo opportunities plays a key role in intern evaluation and development.
221,Placement,Can you explain LOR issuance at Athenura?,Lor issuance is structured according to Athenura’s official internship policies and guidelines.
222,Placement,How important is mentor support at Athenura?,Support and mentorship are provided concerning Mentor support.
223,Terms,Do interns receive guidance on performance evaluation?,Support and mentorship are provided concerning Performance evaluation.
224,General,What are the rules for performance evaluation?,Athenura provides complete clarity and support regarding Performance evaluation.
225,Services,What are the rules for performance evaluation?,Performance evaluation is managed under company supervision and structured processes.
226,Application,Is there any policy regarding data protection?,Athenura provides complete clarity and support regarding Data protection.
227,Attendance,What benefits are related to application review?,Support and mentorship are provided concerning Application review.
228,Attendance,Is performance evaluation mandatory during internship?,Athenura provides complete clarity and support regarding Performance evaluation.
229,Services,What are the rules for application review?,Interns are expected to follow all rules related to Application review.
230,Evaluation,What should interns know about mentor support?,Mentor support plays a key role in intern evaluation and development.
231,LOR,What are the rules for termination policy?,Athenura provides complete clarity and support regarding Termination policy.
232,Projects,How does Athenura handle application review?,Interns are expected to follow all rules related to Application review.
233,Training,Can you explain internship training at Athenura?,Internship training is structured according to Athenura’s official internship policies and guidelines.
234,Services,Is performance evaluation mandatory during internship?,Athenura ensures professional standards in all matters related to Performance evaluation.
235,Application,Do interns receive guidance on selection criteria?,Athenura ensures professional standards in all matters related to Selection criteria.
236,Terms,What benefits are related to attendance?,All interns must comply with policies associated with Attendance.
237,Projects,What benefits are related to placement support?,Support and mentorship are provided concerning Placement support.
238,Terms,What benefits are related to communication?,Support and mentorship are provided concerning Communication.
239,Confidentiality,Does communication impact internship completion?,All interns must comply with policies associated with Communication.
240,Policies,Does team collaboration impact internship completion?,Team collaboration is an important component of the internship framework.
241,General,What benefits are related to placement support?,Placement support is structured according to Athenura’s official internship policies and guidelines.
242,Policies,What benefits are related to mentor support?,Mentor support is structured according to Athenura’s official internship policies and guidelines.
243,Stipend,Is internship training mandatory during internship?,Guidelines about Internship training are shared during induction and training.
244,Stipend,What benefits are related to attendance?,Attendance is structured according to Athenura’s official internship policies and guidelines.
245,Services,Do interns receive guidance on selection criteria?,Interns are expected to follow all rules related to Selection criteria.
246,Evaluation,What are the rules for termination policy?,Termination policy plays a key role in intern evaluation and development.
247,Technical Support,What are the rules for performance evaluation?,Performance evaluation plays a key role in intern evaluation and development.
248,Terms,Can you explain selection criteria at Athenura?,Guidelines about Selection criteria are shared during induction and training.
249,Training,How does Athenura handle placement support?,Athenura provides complete clarity and support regarding Placement support.
250,Technical Support,What benefits are related to privacy protection?,All interns must comply with policies associated with Privacy protection.
251,Privacy,What benefits are related to communication?,Athenura ensures professional standards in all matters related to Communication.
252,Conduct,What should interns know about task submission?,Interns are expected to follow all rules related to Task submission.
253,Internship Overview,How important is confidentiality at Athenura?,Support and mentorship are provided concerning Confidentiality.
254,Training,What should interns know about working hours?,Working hours is an important component of the internship framework.
255,Application,What benefits are related to privacy protection?,Support and mentorship are provided concerning Privacy protection.
256,Training,Do interns receive guidance on task submission?,Interns are expected to follow all rules related to Task submission.
257,General,How important is PPO opportunities at Athenura?,Ppo opportunities is managed under company supervision and structured processes.
258,Privacy,Can you explain mentor support at Athenura?,Support and mentorship are provided concerning Mentor support.
259,Eligibility,What benefits are related to project allocation?,Project allocation is managed under company supervision and structured processes.
260,Attendance,What are the rules for confidentiality?,Confidentiality plays a key role in intern evaluation and development.
261,Evaluation,How does Athenura handle project allocation?,Project allocation is managed under company supervision and structured processes.
262,Technical Support,What should interns know about internship training?,Athenura ensures professional standards in all matters related to Internship training.
263,Privacy,How does Athenura handle LOR issuance?,Support and mentorship are provided concerning Lor issuance.
264,Internship Overview,What are the rules for privacy protection?,Athenura ensures professional standards in all matters related to Privacy protection.
265,Training,Is attendance mandatory during internship?,Guidelines about Attendance are shared during induction and training.
266,Stipend,Can you explain application review at Athenura?,Guidelines about Application review are shared during induction and training.
267,General,Is there any policy regarding project allocation?,Interns are expected to follow all rules related to Project allocation.
268,Confidentiality,How important is termination policy at Athenura?,Termination policy is an important component of the internship framework.
269,Company Overview,What should interns know about task submission?,Support and mentorship are provided concerning Task submission.
270,Technical Support,How does Athenura handle mentor support?,Mentor support is structured according to Athenura’s official internship policies and guidelines.
271,General,How important is project allocation at Athenura?,Athenura provides complete clarity and support regarding Project allocation.
272,Policies,What benefits are related to LOR issuance?,Interns are expected to follow all rules related to Lor issuance.
273,Company Overview,How does Athenura handle task submission?,Task submission is an important component of the internship framework.
274,Eligibility,What should interns know about data protection?,Athenura ensures professional standards in all matters related to Data protection.
275,Services,Does privacy protection impact internship completion?,Privacy protection is structured according to Athenura’s official internship policies and guidelines.
276,Evaluation,What should interns know about performance evaluation?,Interns are expected to follow all rules related to Performance evaluation.
277,Conduct,Is project allocation mandatory during internship?,Athenura ensures professional standards in all matters related to Project allocation.
278,Stipend,Is attendance mandatory during internship?,All interns must comply with policies associated with Attendance.
279,Application,How important is team collaboration at Athenura?,Team collaboration is an important component of the internship framework.
280,Attendance,How does Athenura handle project allocation?,Project allocation is managed under company supervision and structured processes.
281,Application,Do interns receive guidance on PPO opportunities?,Interns are expected to follow all rules related to Ppo opportunities.
282,Terms,How does Athenura handle team collaboration?,Team collaboration is managed under company supervision and structured processes.
283,Evaluation,How does Athenura handle certificate eligibility?,Support and mentorship are provided concerning Certificate eligibility.
284,Attendance,Does LOR issuance impact internship completion?,Lor issuance is managed under company supervision and structured processes.
285,Evaluation,What should interns know about internship training?,Athenura ensures professional standards in all matters related to Internship training.
286,Attendance,How important is working hours at Athenura?,Athenura provides complete clarity and support regarding Working hours.
287,Terms,Do interns receive guidance on task submission?,Task submission plays a key role in intern evaluation and development.
288,Attendance,How important is certificate eligibility at Athenura?,Athenura provides complete clarity and support regarding Certificate eligibility.
289,Services,Is there any policy regarding termination policy?,Athenura ensures professional standards in all matters related to Termination policy.
290,Training,Can you explain internship training at Athenura?,Internship training is an important component of the internship framework.
291,Internship Overview,Does attendance impact internship completion?,Attendance is managed under company supervision and structured processes.
292,Services,How important is termination policy at Athenura?,Guidelines about Termination policy are shared during induction and training.
293,Internship Overview,What are the rules for confidentiality?,Interns are expected to follow all rules related to Confidentiality.
294,Company Overview,What benefits are related to performance evaluation?,Performance evaluation is an important component of the internship framework.
295,Attendance,What should interns know about confidentiality?,Interns are expected to follow all rules related to Confidentiality.
296,Placement,Is there any policy regarding termination policy?,Athenura provides complete clarity and support regarding Termination policy.
297,Eligibility,Is LOR issuance mandatory during internship?,Lor issuance plays a key role in intern evaluation and development.
298,Internship Overview,What are the rules for LOR issuance?,Guidelines about Lor issuance are shared during induction and training.
299,Evaluation,Is there any policy regarding LOR issuance?,Interns are expected to follow all rules related to Lor issuance.
300,Confidentiality,What should interns know about task submission?,Athenura ensures professional standards in all matters related to Task submission.
301,Application,Do interns receive guidance on attendance?,Athenura provides complete clarity and support regarding Attendance.
302,Stipend,What should interns know about PPO opportunities?,Support and mentorship are provided concerning Ppo opportunities.
303,Stipend,Is team collaboration mandatory during internship?,Team collaboration is an important component of the internship framework.
304,Company Overview,Does PPO opportunities impact internship completion?,Interns are expected to follow all rules related to Ppo opportunities.
305,Eligibility,How important is application review at Athenura?,Application review is managed under company supervision and structured processes.
306,Policies,How important is selection criteria at Athenura?,Selection criteria is structured according to Athenura’s official internship policies and guidelines.
307,Internship Overview,How does Athenura handle privacy protection?,Privacy protection plays a key role in intern evaluation and development.
308,Certificate,What should interns know about placement support?,Athenura provides complete clarity and support regarding Placement support.
309,Training,What benefits are related to termination policy?,Interns are expected to follow all rules related to Termination policy.
310,Attendance,Is communication mandatory during internship?,Athenura ensures professional standards in all matters related to Communication.
311,Policies,Is there any policy regarding termination policy?,Support and mentorship are provided concerning Termination policy.
312,Terms,Is there any policy regarding privacy protection?,Athenura provides complete clarity and support regarding Privacy protection.
313,Evaluation,Does confidentiality impact internship completion?,Confidentiality is an important component of the internship framework.
314,General,Does LOR issuance impact internship completion?,All interns must comply with policies associated with Lor issuance.
315,Company Overview,Do interns receive guidance on PPO opportunities?,Athenura ensures professional standards in all matters related to Ppo opportunities.
316,Conduct,How does Athenura handle selection criteria?,Guidelines about Selection criteria are shared during induction and training.
317,Eligibility,How does Athenura handle communication?,Athenura provides complete clarity and support regarding Communication.
318,Policies,Do interns receive guidance on data protection?,Data protection is managed under company supervision and structured processes.
319,Privacy,Does PPO opportunities impact internship completion?,Support and mentorship are provided concerning Ppo opportunities.
320,Services,Can you explain code of conduct at Athenura?,Code of conduct is an important component of the internship framework.
321,Application,Is placement support mandatory during internship?,Interns are expected to follow all rules related to Placement support.
322,Company Overview,Is team collaboration mandatory during internship?,Athenura ensures professional standards in all matters related to Team collaboration.
323,Attendance,Can you explain PPO opportunities at Athenura?,Athenura ensures professional standards in all matters related to Ppo opportunities.
324,General,What are the rules for communication?,Communication is an important component of the internship framework.
325,Projects,What are the rules for certificate eligibility?,Certificate eligibility is structured according to Athenura’s official internship policies and guidelines.
326,General,Is project allocation mandatory during internship?,All interns must comply with policies associated with Project allocation.
327,Placement,Does selection criteria impact internship completion?,Selection criteria is managed under company supervision and structured processes.
328,Eligibility,Can you explain LOR issuance at Athenura?,Support and mentorship are provided concerning Lor issuance.
329,Privacy,Does data protection impact internship completion?,Data protection is managed under company supervision and structured processes.
330,Training,Is LOR issuance mandatory during internship?,Lor issuance plays a key role in intern evaluation and development.
331,Privacy,Is LOR issuance mandatory during internship?,All interns must comply with policies associated with Lor issuance.
332,Projects,Is there any policy regarding performance evaluation?,Athenura ensures professional standards in all matters related to Performance evaluation.
333,Technical Support,What benefits are related to LOR issuance?,All interns must comply with policies associated with Lor issuance.
334,Application,Is there any policy regarding selection criteria?,Selection criteria is managed under company supervision and structured processes.
335,Company Overview,Can you explain termination policy at Athenura?,Termination policy is an important component of the internship framework.
336,Application,Do interns receive guidance on termination policy?,Termination policy is an important component of the internship framework.
337,Placement,Is there any policy regarding code of conduct?,Guidelines about Code of conduct are shared during induction and training.
338,Attendance,Can you explain communication at Athenura?,All interns must comply with policies associated with Communication.
339,Certificate,Do interns receive guidance on communication?,Athenura ensures professional standards in all matters related to Communication.
340,Certificate,Does selection criteria impact internship completion?,Selection criteria is an important component of the internship framework.
341,Confidentiality,Is there any policy regarding certificate eligibility?,Certificate eligibility is an important component of the internship framework.
342,Company Overview,Do interns receive guidance on application review?,Application review plays a key role in intern evaluation and development.
343,Attendance,What are the rules for termination policy?,Guidelines about Termination policy are shared during induction and training.
344,Services,Is team collaboration mandatory during internship?,Guidelines about Team collaboration are shared during induction and training.
345,Company Overview,What should interns know about placement support?,Placement support is managed under company supervision and structured processes.
346,Attendance,What are the rules for PPO opportunities?,Athenura provides complete clarity and support regarding Ppo opportunities.
347,Certificate,Does internship training impact internship completion?,All interns must comply with policies associated with Internship training.
348,Training,Can you explain performance evaluation at Athenura?,Performance evaluation is managed under company supervision and structured processes.
349,Policies,What are the rules for privacy protection?,Privacy protection plays a key role in intern evaluation and development.
350,Confidentiality,What benefits are related to privacy protection?,Support and mentorship are provided concerning Privacy protection.
351,Terms,Is data protection mandatory during internship?,Interns are expected to follow all rules related to Data protection.
352,Projects,Do interns receive guidance on project allocation?,Project allocation is an important component of the internship framework.
353,Confidentiality,What are the rules for internship training?,All interns must comply with policies associated with Internship training.
354,Terms,How important is performance evaluation at Athenura?,Performance evaluation is managed under company supervision and structured processes.
355,Confidentiality,What are the rules for attendance?,Attendance plays a key role in intern evaluation and development.
356,Training,Is there any policy regarding LOR issuance?,Lor issuance is managed under company supervision and structured processes.
357,Company Overview,Do interns receive guidance on PPO opportunities?,Guidelines about Ppo opportunities are shared during induction and training.
358,Policies,Do interns receive guidance on data protection?,Athenura provides complete clarity and support regarding Data protection.
359,Internship Overview,Is data protection mandatory during internship?,Support and mentorship are provided concerning Data protection.
360,Stipend,Does termination policy impact internship completion?,Termination policy is an important component of the internship framework.
361,LOR,What should interns know about project allocation?,Athenura provides complete clarity and support regarding Project allocation.
362,General,How does Athenura handle performance evaluation?,Support and mentorship are provided concerning Performance evaluation.
363,Eligibility,Is there any policy regarding PPO opportunities?,All interns must comply with policies associated with Ppo opportunities.
364,Policies,Does performance evaluation impact internship completion?,Athenura ensures professional standards in all matters related to Performance evaluation.
365,Eligibility,Do interns receive guidance on privacy protection?,Privacy protection is an important component of the internship framework.
366,Terms,Do interns receive guidance on confidentiality?,Confidentiality is managed under company supervision and structured processes.
367,Privacy,Is there any policy regarding PPO opportunities?,Ppo opportunities plays a key role in intern evaluation and development.
368,Placement,Do interns receive guidance on internship training?,Internship training is structured according to Athenura’s official internship policies and guidelines.
369,Placement,What are the rules for data protection?,Data protection plays a key role in intern evaluation and development.
370,LOR,Is working hours mandatory during internship?,All interns must comply with policies associated with Working hours.
371,Company Overview,What are the rules for PPO opportunities?,All interns must comply with policies associated with Ppo opportunities.
372,Attendance,Is there any policy regarding privacy protection?,Athenura ensures professional standards in all matters related to Privacy protection.
373,Placement,Is placement support mandatory during internship?,Support and mentorship are provided concerning Placement support.
374,Evaluation,How important is LOR issuance at Athenura?,Athenura ensures professional standards in all matters related to Lor issuance.
375,Privacy,What benefits are related to confidentiality?,All interns must comply with policies associated with Confidentiality.
376,Attendance,What benefits are related to attendance?,Athenura ensures professional standards in all matters related to Attendance.
377,Conduct,What benefits are related to internship training?,Internship training is structured according to Athenura’s official internship policies and guidelines.
378,Application,Does working hours impact internship completion?,Working hours plays a key role in intern evaluation and development.
379,Certificate,What are the rules for confidentiality?,Athenura provides complete clarity and support regarding Confidentiality.
380,Stipend,How important is team collaboration at Athenura?,Team collaboration is managed under company supervision and structured processes.
381,Training,How does Athenura handle data protection?,Interns are expected to follow all rules related to Data protection.
382,LOR,What should interns know about termination policy?,Guidelines about Termination policy are shared during induction and training.
383,LOR,Does project allocation impact internship completion?,Guidelines about Project allocation are shared during induction and training.
384,Application,How does Athenura handle task submission?,All interns must comply with policies associated with Task submission.
385,Certificate,How does Athenura handle application review?,Guidelines about Application review are shared during induction and training.
386,Certificate,How important is task submission at Athenura?,Task submission is an important component of the internship framework.
387,Application,Can you explain project allocation at Athenura?,Project allocation is an important component of the internship framework.
388,Confidentiality,What are the rules for project allocation?,Project allocation plays a key role in intern evaluation and development.
389,Privacy,Is PPO opportunities mandatory during internship?,Ppo opportunities is structured according to Athenura’s official internship policies and guidelines.
390,Company Overview,Is selection criteria mandatory during internship?,Selection criteria plays a key role in intern evaluation and development.
391,Terms,What are the rules for privacy protection?,Guidelines about Privacy protection are shared during induction and training.
392,Certificate,Do interns receive guidance on confidentiality?,All interns must comply with policies associated with Confidentiality.
393,Confidentiality,How important is communication at Athenura?,Communication is an important component of the internship framework.
394,Eligibility,How does Athenura handle working hours?,Guidelines about Working hours are shared during induction and training.
395,Company Overview,What benefits are related to attendance?,Attendance is managed under company supervision and structured processes.
396,Privacy,Is PPO opportunities mandatory during internship?,Ppo opportunities is an important component of the internship framework.
397,Confidentiality,What should interns know about internship training?,Support and mentorship are provided concerning Internship training.
398,Training,What are the rules for communication?,Support and mentorship are provided concerning Communication.
399,Technical Support,Does task submission impact internship completion?,All interns must comply with policies associated with Task submission.
400,General,Do interns receive guidance on performance evaluation?,Performance evaluation is structured according to Athenura’s official internship policies and guidelines.
401,General,Can you explain data protection at Athenura?,Athenura provides complete clarity and support regarding Data protection.
402,Conduct,Is mentor support mandatory during internship?,Athenura provides complete clarity and support regarding Mentor support.
403,Terms,What benefits are related to privacy protection?,Support and mentorship are provided concerning Privacy protection.
404,Projects,What should interns know about confidentiality?,Interns are expected to follow all rules related to Confidentiality.
405,Company Overview,Do interns receive guidance on termination policy?,Termination policy plays a key role in intern evaluation and development.
406,Confidentiality,What should interns know about working hours?,Guidelines about Working hours are shared during induction and training.
407,Certificate,What should interns know about LOR issuance?,Guidelines about Lor issuance are shared during induction and training.
408,LOR,What benefits are related to termination policy?,Athenura provides complete clarity and support regarding Termination policy.
409,Application,Do interns receive guidance on project allocation?,All interns must comply with policies associated with Project allocation.
410,Training,What are the rules for mentor support?,Interns are expected to follow all rules related to Mentor support.
411,Application,Do interns receive guidance on project allocation?,Interns are expected to follow all rules related to Project allocation.
412,Technical Support,What are the rules for data protection?,Data protection is structured according to Athenura’s official internship policies and guidelines.
413,Evaluation,Can you explain application review at Athenura?,Interns are expected to follow all rules related to Application review.
414,Internship Overview,What benefits are related to attendance?,Attendance plays a key role in intern evaluation and development.
415,Technical Support,What are the rules for LOR issuance?,Lor issuance is structured according to Athenura’s official internship policies and guidelines.
416,Placement,How important is placement support at Athenura?,Support and mentorship are provided concerning Placement support.
417,General,How important is team collaboration at Athenura?,All interns must comply with policies associated with Team collaboration.
418,Projects,Does PPO opportunities impact internship completion?,Interns are expected to follow all rules related to Ppo opportunities.
419,Company Overview,Do interns receive guidance on project allocation?,Athenura ensures professional standards in all matters related to Project allocation.
420,Company Overview,How important is team collaboration at Athenura?,Team collaboration is managed under company supervision and structured processes.
421,Eligibility,Do interns receive guidance on termination policy?,Termination policy is managed under company supervision and structured processes.
422,Certificate,What are the rules for attendance?,Athenura ensures professional standards in all matters related to Attendance.
423,Projects,How important is privacy protection at Athenura?,All interns must comply with policies associated with Privacy protection.
424,LOR,Does application review impact internship completion?,Application review is structured according to Athenura’s official internship policies and guidelines.
425,Placement,What should interns know about privacy protection?,Athenura ensures professional standards in all matters related to Privacy protection.
426,Eligibility,How does Athenura handle project allocation?,Interns are expected to follow all rules related to Project allocation.
427,Policies,How important is LOR issuance at Athenura?,Lor issuance plays a key role in intern evaluation and development.
428,Application,What should interns know about team collaboration?,Athenura provides complete clarity and support regarding Team collaboration.
429,Confidentiality,What should interns know about attendance?,Attendance plays a key role in intern evaluation and development.
430,Certificate,Do interns receive guidance on internship training?,Internship training is structured according to Athenura’s official internship policies and guidelines.
431,LOR,How important is data protection at Athenura?,Athenura ensures professional standards in all matters related to Data protection.
432,Evaluation,Do interns receive guidance on working hours?,Athenura ensures professional standards in all matters related to Working hours.
433,Terms,How does Athenura handle attendance?,Attendance is managed under company supervision and structured processes.
434,LOR,How important is code of conduct at Athenura?,Athenura provides complete clarity and support regarding Code of conduct.
435,Certificate,Does team collaboration impact internship completion?,Team collaboration is managed under company supervision and structured processes.
436,General,Does selection criteria impact internship completion?,Guidelines about Selection criteria are shared during induction and training.
437,LOR,Is task submission mandatory during internship?,Guidelines about Task submission are shared during induction and training.
438,Policies,How does Athenura handle certificate eligibility?,Interns are expected to follow all rules related to Certificate eligibility.
439,Conduct,Does LOR issuance impact internship completion?,Athenura provides complete clarity and support regarding Lor issuance.
440,Projects,What should interns know about working hours?,Working hours is structured according to Athenura’s official internship policies and guidelines.
441,Evaluation,What should interns know about internship training?,Interns are expected to follow all rules related to Internship training.
442,Attendance,What are the rules for confidentiality?,Confidentiality is an important component of the internship framework.
443,Attendance,Can you explain performance evaluation at Athenura?,Support and mentorship are provided concerning Performance evaluation.
444,General,Does mentor support impact internship completion?,Mentor support is structured according to Athenura’s official internship policies and guidelines.
445,Services,How important is selection criteria at Athenura?,Selection criteria is an important component of the internship framework.
446,Evaluation,What should interns know about LOR issuance?,Athenura provides complete clarity and support regarding Lor issuance.
447,Services,Can you explain internship training at Athenura?,Internship training plays a key role in intern evaluation and development.
448,LOR,Can you explain project allocation at Athenura?,Project allocation is managed under company supervision and structured processes.
449,Projects,What are the rules for internship training?,Internship training is managed under company supervision and structured processes.
450,Conduct,Do interns receive guidance on working hours?,Working hours is structured according to Athenura’s official internship policies and guidelines.
451,Terms,Is mentor support mandatory during internship?,Guidelines about Mentor support are shared during induction and training.
452,Technical Support,Do interns receive guidance on selection criteria?,Interns are expected to follow all rules related to Selection criteria.
453,Policies,Is there any policy regarding performance evaluation?,Performance evaluation is managed under company supervision and structured processes.
454,Internship Overview,Does project allocation impact internship completion?,All interns must comply with policies associated with Project allocation.
455,Technical Support,Does privacy protection impact internship completion?,Privacy protection is managed under company supervision and structured processes.
456,Confidentiality,How does Athenura handle performance evaluation?,All interns must comply with policies associated with Performance evaluation.
457,Conduct,Does PPO opportunities impact internship completion?,Ppo opportunities is managed under company supervision and structured processes.
458,Application,What should interns know about data protection?,Data protection is managed under company supervision and structured processes.
459,Services,How important is termination policy at Athenura?,All interns must comply with policies associated with Termination policy.
460,Eligibility,Does code of conduct impact internship completion?,Code of conduct is an important component of the internship framework.
461,Attendance,How important is mentor support at Athenura?,Guidelines about Mentor support are shared during induction and training.
462,Eligibility,Is there any policy regarding confidentiality?,Athenura ensures professional standards in all matters related to Confidentiality.
463,Company Overview,What benefits are related to communication?,Communication is an important component of the internship framework.
464,Attendance,Does termination policy impact internship completion?,Termination policy is managed under company supervision and structured processes.
465,Confidentiality,Do interns receive guidance on PPO opportunities?,Interns are expected to follow all rules related to Ppo opportunities.
466,Training,Can you explain project allocation at Athenura?,Project allocation plays a key role in intern evaluation and development.
467,Application,How does Athenura handle task submission?,All interns must comply with policies associated with Task submission.
468,Eligibility,How important is data protection at Athenura?,Data protection is an important component of the internship framework.
469,Confidentiality,What should interns know about communication?,Guidelines about Communication are shared during induction and training.
470,Projects,Is termination policy mandatory during internship?,Interns are expected to follow all rules related to Termination policy.
471,Evaluation,Does data protection impact internship completion?,Athenura provides complete clarity and support regarding Data protection.
472,Services,Does team collaboration impact internship completion?,Athenura provides complete clarity and support regarding Team collaboration.
473,Internship Overview,Does team collaboration impact internship completion?,Team collaboration plays a key role in intern evaluation and development.
474,Placement,Does communication impact internship completion?,Communication plays a key role in intern evaluation and development.
475,Certificate,Do interns receive guidance on attendance?,Attendance is an important component of the internship framework.
476,Stipend,Can you explain performance evaluation at Athenura?,Interns are expected to follow all rules related to Performance evaluation.
477,Company Overview,Does attendance impact internship completion?,Guidelines about Attendance are shared during induction and training.
478,Confidentiality,How does Athenura handle application review?,Application review is structured according to Athenura’s official internship policies and guidelines.
479,Policies,Is team collaboration mandatory during internship?,Support and mentorship are provided concerning Team collaboration.
480,Evaluation,How important is communication at Athenura?,Interns are expected to follow all rules related to Communication.
481,Services,What benefits are related to PPO opportunities?,Ppo opportunities is managed under company supervision and structured processes.
482,Terms,Is task submission mandatory during internship?,Task submission is managed under company supervision and structured processes.
483,Technical Support,What are the rules for PPO opportunities?,Support and mentorship are provided concerning Ppo opportunities.
484,LOR,How important is placement support at Athenura?,Interns are expected to follow all rules related to Placement support.
485,Services,Does code of conduct impact internship completion?,Athenura provides complete clarity and support regarding Code of conduct.
486,Placement,Can you explain confidentiality at Athenura?,Confidentiality plays a key role in intern evaluation and development.
487,Placement,How does Athenura handle working hours?,Athenura provides complete clarity and support regarding Working hours.
488,Policies,Is there any policy regarding mentor support?,Athenura ensures professional standards in all matters related to Mentor support.
489,Stipend,Do interns receive guidance on performance evaluation?,Interns are expected to follow all rules related to Performance evaluation.
490,Projects,Is performance evaluation mandatory during internship?,Performance evaluation is structured according to Athenura’s official internship policies and guidelines.
491,Certificate,How important is mentor support at Athenura?,Mentor support plays a key role in intern evaluation and development.
492,Policies,What should interns know about internship training?,Guidelines about Internship training are shared during induction and training.
493,Application,Do interns receive guidance on performance evaluation?,Interns are expected to follow all rules related to Performance evaluation.
494,Projects,How does Athenura handle task submission?,Guidelines about Task submission are shared during induction and training.
495,Placement,Does data protection impact internship completion?,Guidelines about Data protection are shared during induction and training.
496,Stipend,Do interns receive guidance on confidentiality?,Confidentiality is an important component of the internship framework.
497,Services,What benefits are related to team collaboration?,Athenura provides complete clarity and support regarding Team collaboration.
498,Conduct,Can you explain selection criteria at Athenura?,Selection criteria is an important component of the internship framework.
499,Confidentiality,Is there any policy regarding code of conduct?,Code of conduct is managed under company supervision and structured processes.
500,Eligibility,What should interns know about data protection?,Data protection plays a key role in intern evaluation and development.
501,Leaves & Holidays,How many holidays are provided during the internship?,Interns are provided with a total of 4 official holidays during the internship period as per the organizational calendar.
502,Leaves & Holidays,What is the working culture and weekly schedule for interns?,"The internship follows a 5-day working culture. Interns are expected to actively participate in assigned tasks, team collaboration, and project submissions during working days."
503,Leaves & Holidays,Are emergency leaves available for interns?,"Yes, interns are eligible for 2 emergency leaves during the internship in case of urgent or unavoidable situations."
504,Leaves & Holidays,How can interns apply for emergency leave?,Interns can apply for emergency leave through the official leave portal: www.athenura.in/internship/leave
505,Verification & Performance,How can interns verify their internship or check performance?,Interns can verify their internship details and track their performance through the verification and performance portal: www.athenura.in/internship/performance
